index,time_start,time_end,cpu_request,ram_request
11,1,6,0.01562,0.01553
0,1,2,0.01562,0.01553
23,1,4,0.01562,0.01553
23,2,23,0.01562,0.01553
10,2,21,0.01562,0.01553
10,2,22,0.01562,0.01553
11,2,15,0.01562,0.01553
6,2,4,0.01562,0.01553
6,3,19,0.01562,0.01553
10,4,10,0.01562,0.01553
23,5,8,0.01562,0.01553
6,6,20,0.01562,0.01553
367,7,14,0.03125,0.006836
367,8,15,0.03125,0.006836
918,9,23,0.0006247,0.003883
918,10,11,0.0006247,0.003883
0,11,15,0.03125,0.01553
0,12,18,0.03125,0.01553
0,13,19,0,0.0001554
4,13,16,0.01562,0.01553
4,14,19,0.01562,0.01553
24,15,22,0.01562,0.01553
24,16,20,0.01562,0.01553
0,17,22,0.03125,0.01553
4,20,23,0.01562,0.01553